{
  "custom_cnn": {
    "train_acc": [2.69, 4.22, 5.98, 7.58, 9.49, 11.39, 13.33, 15.24, 17.30, 19.22, 21.07, 22.63, 23.82, 25.07, 26.42, 27.47, 27.92, 28.67, 29.01, 29.07],
    "val_acc": [5.07, 7.90, 10.96, 12.40, 15.98, 19.11, 21.06, 22.54, 25.66, 29.37, 29.70, 31.94, 35.16, 36.27, 38.76, 39.63, 40.76, 41.20, 41.53, 41.87],
    "train_loss": [3.85, 3.65, 3.50, 3.38, 3.28, 3.18, 3.10, 3.03, 2.96, 2.90, 2.85, 2.80, 2.76, 2.72, 2.68, 2.65, 2.62, 2.60, 2.58, 2.57],
    "val_loss": [3.72, 3.48, 3.28, 3.15, 2.98, 2.84, 2.73, 2.65, 2.55, 2.42, 2.40, 2.30, 2.18, 2.12, 2.02, 1.98, 1.92, 1.90, 1.88, 1.87],
    "learning_rates": [0.001, 0.00095, 0.00090, 0.00085, 0.00080, 0.00075, 0.00070, 0.00065, 0.00060, 0.00055, 0.00050, 0.00045, 0.00040, 0.00035, 0.00030, 0.00025, 0.00020, 0.00015, 0.00010, 0.00005]
  },
  "efficientnet": {
    "train_acc": [53.57, 66.91, 71.48, 75.23, 79.19, 82.94, 86.71, 89.83, 92.45, 93.89],
    "val_acc": [65.91, 73.01, 73.73, 75.57, 79.30, 81.85, 83.14, 84.50, 85.26, 85.30],
    "train_loss": [1.85, 1.25, 1.05, 0.90, 0.75, 0.62, 0.50, 0.40, 0.32, 0.28],
    "val_loss": [1.35, 0.95, 0.90, 0.85, 0.72, 0.65, 0.60, 0.55, 0.52, 0.51],
    "learning_rates": [0.001, 0.0009, 0.0008, 0.0007, 0.0006, 0.0005, 0.0004, 0.0003, 0.0002, 0.0001]
  }
}

